ZINF,ZSUP
0.0,4642.500025
0.0,2885.1000050000002
0.0,2343.878004312398
1684.0,1876.5677094999999
1684.0,1684.000142499999
