ZINF,ZSUP
0.0,37793.000002
37677.632,37949.275
37703.527,38173.4073975
37747.492,39787.1394737
39787.139,39787.1394737
