ZINF,ZSUP
0.0,37888.0
0.0,6397.7500015000005
4703.0,5425.99986
4703.0,4705.999871166666
4703.0,4702.999902500001
