ZINF,ZSUP
0.0,3028.000225
201.2,2236.000121
244.00001,1684.000132
1684.0,1684.0001649666674
