ZINF,ZSUP
0.0,37793.000002
0.0,6321.25
4370.5,5330.999857499999
4608.0,4610.999868666665
4608.0,4607.9999
