ZINF,ZSUP
0.0,4642.500025
0.0,2885.100004
0.0,2343.878004312398
1684.0,1876.5676995
1684.0,1684.000142499999
