ZINF,ZSUP
0.0,38041.0
0.0,6782.500003
4608.0,4832.2498825
4608.0,4845.0
4608.0,4607.999954583333
