ZINF,ZSUP
0.0,260447.0
250485.66,271813.6578948
271813.66,271813.6578948
