ZINF,ZSUP
0.0,37888.0
37873.79,38016.0
37885.98,38280.617459
37899.059,40675.5285548
37906.172,43448.3847206
43049.042,43848.2315789
43848.232,43848.2315789
